{
  "channel": "P-1",
  "window_size": 50,
  "lstm_units": 64,
  "threshold": 2.2303636929945054,
  "mean_error": 0.24173008654237954,
  "std_error": 0.6628778688173753,
  "threshold_k": 3.0,
  "data_mean": 0.0028573110127542603,
  "data_std": 0.18364111734272864,
  "train_data_shape": [
    2872,
    25
  ],
  "model_path": "models\\model_P-1.pkl"
}