{
  "channel": "M-1",
  "window_size": 50,
  "lstm_units": 64,
  "threshold": 3.0743590735175648,
  "mean_error": 0.25005298765005496,
  "std_error": 0.9414353619558367,
  "threshold_k": 3.0,
  "data_mean": 0.012873064937949,
  "data_std": 0.13041386053511644,
  "train_data_shape": [
    2209,
    55
  ],
  "model_path": "models\\model_M-1.pkl"
}