{
  "channel": "P-1",
  "window_size": 50,
  "lstm_units": 64,
  "threshold": 1.2329955648353796,
  "mean_error": 0.2000017267197978,
  "std_error": 0.34433127937186064,
  "threshold_k": 3.0,
  "data_mean": 0.6873859035855753,
  "data_std": 0.39656695718661256,
  "train_data_shape": [
    8000
  ],
  "model_path": "models\\model_P-1.pkl"
}